CLIP_NAME,GENRE,FAMILIARITY,TRACK_TITLE,ARTIST,MEDIA_RELATION_or_PERFORMER,RELEASE_DATE,VOCALISATION,VOCALISATION_TYPE,CLIP_TIME_START,CLIP_TIME_END,SPOTIFY_PLAYLIST_LINK
60s_HIGH_01,60s,High,As We Go Along,The Monkees,,1968,no,,00:00:00,00:00:30,https://open.spotify.com/playlist/3UNXh2phllvtbOJyPCeu5A?si=420ef53f10914c09
60s_HIGH_02,60s,High,Crimson and Clover,Tommy James and the Shondells,,1968,yes,"""-ah""",00:00:50,00:01:20,
60s_HIGH_03,60s,High,I'm A Man,The Spencer Davis Group,,1967,no,,00:00:00,00:00:30,
60s_HIGH_04,60s,High,It's Only Make Believe,The Hollies,,1964,yes,"""-eh""",00:01:36,00:02:06,
60s_HIGH_05,60s,High,Someone I Know,Margo Guryan,,1968,no,,00:01:10,00:01:40,
60s_HIGH_06,60s,High,Summer in the City,The Lovin' Spoonful,,1966,no,,00:01:59,00:02:29,
60s_HIGH_07,60s,High,Time of the Season,The Zombies,,1968,no,,00:01:21,00:01:51,
60s_LOW_09,60s,Low,Rosemary,Peppermint Rainbow,,1969,no,,00:00:11,00:00:41,https://open.spotify.com/playlist/2LrwGczzX6k7qwGlbMECqr?si=ee0c70bc8a434584
60s_LOW_10,60s,Low,Rumpus,Floyd Cramer,,1960,no,,00:00:00,00:00:30,
60s_LOW_11,60s,Low,The Little Man From Mars,Perrey and Kingsley,,1966,no,,00:00:00,00:00:30,
60s_LOW_12,60s,Low,This Time the Dream's on Me,Anthony Newley,,1963,no,,00:01:48,00:02:18,
60s_LOW_13,60s,Low,"Walk, Don't Run",The Ventures,,1960,no,,00:00:00,00:00:30,
60s_LOW_14,60s,Low,Wheels (Cha Cha),Joe Loss & His Orchestra,,1968,no,,00:00:00,00:00:30,
60s_MED_15,60s,Medium,Amore sto dicendo a te - Toy,The Casuals,,1968,yes,"""ooo""",00:02:03,00:02:33,https://open.spotify.com/playlist/0iGHUoTHve5CiXfaIbsENm?si=2aff5206abf6481c
60s_MED_16,60s,Medium,Blue Eyes Crying In the Rain,John D. Loudermilk,,1968,no,,00:01:19,00:01:49,
60s_MED_17,60s,Medium,Cinnamon Girl,The Gentrys,,1969,no,,00:01:44,00:02:14,
60s_MED_18,60s,Medium,Close Your Eyes,Vic Dana,,1966,no,,00:01:16,00:01:46,
60s_MED_19,60s,Medium,I'm Waiting For The Man,The Velvet Underground,,1967,no,,00:01:55,00:02:25,
60s_MED_20,60s,Medium,Kyllikki,Georg Ots,,1968,no,,00:01:50,00:02:20,
60s_MED_21,60s,Medium,Through with You,The Lemon Pipers,,1968,no,,00:01:14,00:01:44,
80s_HIGH_15,80s,High,Maneater,Hall & Oates,,1982,no,,00:00:00,00:00:30,https://open.spotify.com/playlist/04iJHqInDcjDmNs0qCcwGJ?si=792f240937604499
80s_HIGH_16,80s,High,Sometimes,Erasure,,1987,yes,"""oh""",00:01:51,00:02:21,
80s_HIGH_17,80s,High,Sweet Dreams (Are Made Of This),Eurythmics,,1983,no,,00:02:55,00:03:25,
80s_HIGH_18,80s,High,Take On Me,a-ha,,1985,yes,"""ba""",00:00:00,00:00:30,
80s_HIGH_19,80s,High,Total Eclipse of the Heart,Bonnie Tyler,,1983,no,,00:02:10,00:02:40,
80s_HIGH_20,80s,High,Who Can It Be Now?,Men At Work,,1981,yes,"""yeah""",00:01:59,00:02:29,
80s_HIGH_21,80s,High,"You're My Heart, You're My Soul",Modern Talking,,1985,no,,00:00:00,00:00:30,
80s_LOW_01,80s,Low,Barrados No Baile,Eduardo Dussek,,1983,yes,"""wop bop ba da doo da dah""",00:00:00,00:00:30,https://open.spotify.com/playlist/3fo56ncpVjFWL4D6jkJDfV?si=c7ebf8eb7331429f
80s_LOW_02,80s,Low,Breaking Away,Jaki Graham,,1986,no,,00:00:00,00:00:30,
80s_LOW_03,80s,Low,Changin' Light Of Love,Mixed Emotions,,1987,yes,"""oh""",00:02:17,00:02:47,
80s_LOW_04,80s,Low,Eve lève-toi,Julie Pietri,,1980,yes,"""oh""",00:03:27,00:03:57,
80s_LOW_05,80s,Low,Nosso Louco Amor,Gang 90 & Absurdetes,,1983,no,,00:00:00,00:00:30,
80s_LOW_06,80s,Low,Summer Beach,Yukiko Okada,,1985,yes,"""oh""",00:02:01,00:02:31,
80s_LOW_07,80s,Low,是否,Julie Sue,,1983,no,,00:00:00,00:00:30,
80s_MED_08,80s,Medium,After Tonight,Amazulu,,1986,no,,00:02:21,00:02:51,https://open.spotify.com/playlist/4W5ABpXWLxBif3Y81llrAU?si=791423f038f04235
80s_MED_09,80s,Medium,Honey Be Good,The Bible,,1988,no,,00:00:00,00:00:30,
80s_MED_10,80s,Medium,In Your Room,Idle Eyes,,1984,no,,00:01:29,00:01:59,
80s_MED_11,80s,Medium,Um Amor de Verão,Rádio Taxi,,1984,no,,00:00:00,00:00:30,
80s_MED_12,80s,Medium,Une autre histoire,Gérard Blanc,,1988,no,,00:01:41,00:02:11,
80s_MED_13,80s,Medium,Your Love Drives Me Crazy,Force MD's,,1985,yes,"""dah"", ""ooo""",00:00:00,00:00:30,
80s_MED_14,80s,Medium,"""P"" Da Vida (Toda La Vida)",Dominó,,1985,yes,"""woah"", ""ooo"", ""yeah""",00:03:17,00:03:47,
Ambient_HIGH_08,Ambient,High,A Walk,Tycho,,2011,no,,00:00:03,00:00:33,https://open.spotify.com/playlist/5c6LOkFfr7t49hCzFBmGCW?si=8f858c3d9ddb48a5
Ambient_HIGH_09,Ambient,High,Candles,Jon Hopkins,,2010,no,,00:00:00,00:00:30,
Ambient_HIGH_10,Ambient,High,Don't Bother They're Here,Stars Of The Lid,,2007,no,,00:00:00,00:00:30,
Ambient_HIGH_11,Ambient,High,Free,Miracle Tones,,2022,no,,00:00:00,00:00:30,
Ambient_HIGH_12,Ambient,High,Interloper,Carbon Based Lifeforms,,2010,no,,00:00:00,00:00:30,
Ambient_HIGH_13,Ambient,High,Sweden,C418,Minecraft,2011,no,,00:00:00,00:00:30,
Ambient_HIGH_14,Ambient,High,snowfall,"Øneheart, reidenshi",,2022,no,,00:00:00,00:00:30,
Ambient_LOW_15,Ambient,Low,Dulcamara,Duet for Theremin and Lap Steel,,2016,no,,00:00:00,00:00:30,https://open.spotify.com/playlist/2dzjuFdj7zjwz8XvzifwqU?si=9192a47bc9914edb
Ambient_LOW_16,Ambient,Low,Everlasting Dreams - Calm's Still Dreaming Mix,"KENKOU, Calm",,2020,no,,00:00:00,00:00:30,
Ambient_LOW_17,Ambient,Low,Fantasy & Reason,Palantir,,2000,no,,00:00:00,00:00:30,
Ambient_LOW_18,Ambient,Low,Memories of Grass,Perila,,2021,no,,00:00:00,00:00:30,
Ambient_LOW_19,Ambient,Low,One and Two,"Pablo Bolviar, Sensual Physics",,2022,no,,00:00:00,00:00:30,
Ambient_LOW_20,Ambient,Low,Rain And Sea,Abstract Audio Systems,,2005,no,,00:00:00,00:00:30,
Ambient_LOW_21,Ambient,Low,Value Kit,Halosar,,2022,no,,00:00:00,00:00:30,
Ambient_MED_01,Ambient,Medium,2010 Toyota Corolla,2003 Toyota Corolla,,2021,no,,00:00:00,00:00:30,https://open.spotify.com/playlist/46SGVh1UmqEURyLmLiKojI?si=04288af4b1904eb9
Ambient_MED_02,Ambient,Medium,Diamond Cove ( And Its Children Were Watching),Kyle Bobby Dunn,,2012,no,,00:00:00,00:00:30,
Ambient_MED_03,Ambient,Medium,Holding On,Tracey Chattaway,,2015,no,,00:00:00,00:00:30,
Ambient_MED_04,Ambient,Medium,Life's Casino,Sounds From The Ground,,2019,no,,00:00:00,00:00:30,
Ambient_MED_05,Ambient,Medium,Study Music (Concentrate),Alpha Brain Waves,,2018,no,,00:00:00,00:00:30,
Ambient_MED_06,Ambient,Medium,Tachyon,Tripswitch,,2005,no,,00:00:47,00:01:17,
Ambient_MED_07,Ambient,Medium,The Stargazer's Jouney,John Serrie,,2003,no,,00:00:00,00:00:30,
Classical_HIGH_01,Classical,High,"Cello Suite No. 1 in G Major, BWV 1007: I. Prélude",Johann Sebastian Bach,Yo-Yo Ma,1720,no,,00:00:00,00:00:30,https://open.spotify.com/playlist/008QtQEu6kF3yve3jhiAVQ?si=cdfa6ca157df466a
Classical_HIGH_02,Classical,High,Gymnopédie No. 1,Erik Satie,Philippe Entremont,1888,no,,00:00:00,00:00:30,
Classical_HIGH_03,Classical,High,"Nocturne No. 2 in E-Flat Major, Op. 9 No. 2",Frédéric Chopin,"Daniel Barenboim, Frédéric Chopin",1830,no,,00:00:00,00:00:30,
Classical_HIGH_04,Classical,High,"Piano Concerto No. 21 in C Major, K. 467: II. Andante",Wolfgang Amadeus Mozart,"Howard Shelley, London Mozart Players",1785,no,,00:00:00,00:00:30,
Classical_HIGH_05,Classical,High,Spring (La Primavera) Op.8 No.1 E Major: Allegro,Antonio Vivaldi,"Alberto Lizzio, Baroque Festival Orchestra, I Musici Di San Marco",1725,no,,00:00:00,00:00:30,
Classical_HIGH_06,Classical,High,"Tchaikovsky: Swan Lake, Op. 20, Act 2: No. 10, Scene. Moderato",Pyotr Ilyich Tchaikovsky,"André Previn, London Symphony Orchestra",1875,no,,00:00:00,00:00:30,
Classical_HIGH_07,Classical,High,"Wiegenlied, Op. 49, No. 4 (Arr. for Cello and Piano) [Brahms Lullaby]",Johannes Brahms,Yo-Yo Ma,1868,no,,00:00:00,00:00:30,
Classical_LOW_08,Classical,Low,"Concerto in C Major, Op. 6 No. 10: I. Preludio. Andante largo",Arcangelo Corelli,"Musica Amphion, Pieter-Jan Belder",1714,no,,00:00:00,00:00:30,https://open.spotify.com/playlist/6Cv9geTLhOF7w5OQshfbdl?si=a4579549d91e4c46
Classical_LOW_09,Classical,Low,"Duet No. 2 for 2 Flutes in E-Flat Major, Fk. 55: I. Allegro",Wilhelm Friedemann Bach,"Massimo Mercelli, Maxence Larrieu",1770,no,,00:00:00,00:00:30,
Classical_LOW_10,Classical,Low,L'Arbre des songes - Concerto for Violin & Orchestra: 1. Librement. II. Vif. III. Lent. IV Largo et animé,Henri Dutilleux,"Charles Dutoit, Orchestre National De France, Pierre Amoyal",1985,no,,00:00:00,00:00:30,
Classical_LOW_11,Classical,Low,"Piano Trio No. 2 in E Minor, Op. 67: III. Largo",Dmitri Scostakovich,"Daniel Haefliger, Gilles Vonsattel, Ilya Gringolts",1943,no,,00:00:00,00:00:30,
Classical_LOW_12,Classical,Low,"Sonata No. 2 for Violin, Piano and Drums",George Antheil,"John Novacek, Mark Fewer",1923,no,,00:00:00,00:00:30,
Classical_LOW_13,Classical,Low,"Trois Pièces Brèves, No. 2: Andante",Jacques Ibert,Bergen Wind Quintet,1930,no,,00:00:00,00:00:30,
Classical_LOW_14,Classical,Low,"Violin Sonata No. 5 in F Minor, BWV 1018: I. Largo",Johann Sebastian Bach,"Andrea Marcon, Giuliano Carmignola",1720,no,,00:00:00,00:00:30,https://open.spotify.com/playlist/2hpaQeU4sZrsWFx764XoJf?si=ac44725360964cbd
Classical_MED_15,Classical,Medium,"2 Aquarelles: Lento, ma non troppo",Frederick Delius,"David Lloyd-Jones, Royal Northern Sinfonia",1917,no,,00:00:00,00:00:30,
Classical_MED_16,Classical,Medium,Elf kurze Stücke: No. 4 in A Minor,Anton Webner,Jean-Jacques Dünki,1905,no,,00:00:00,00:00:30,
Classical_MED_17,Classical,Medium,Il barbiere di Siviglia: Overture (Sinfonia),Gioachino Rossini,"Academy of St. Martin in the Fields, Gioachino Rossini, Sir Neville Marriner",1816,no,,00:00:00,00:00:30,
Classical_MED_18,Classical,Medium,Notturno for Strings and Harp,Arnold Schönberg,"Daniel Hope, Jane Berthe, Zürcher Kammerorchester",1895,no,,00:00:00,00:00:30,
Classical_MED_19,Classical,Medium,The Garden's Light,Trevor Kowalski,Trevor Kowalski,2018,no,,00:00:00,00:00:30,
Classical_MED_20,Classical,Medium,"Violin Sonata in A major, FWV 8: IV. Allegretto poco mosso",César Franck,"Jeremy Denk, Joshua Bell",1886,no,,00:00:00,00:00:30,
Classical_MED_21,Classical,Medium,Whitacre: The Seal Lullaby,Eric Whitacre,"Eric Whitacre, Eric Whitacre Singers",2008,yes,"""ah"", ""ooo""",00:00:00,00:00:30,
Country_HIGH_15,Country,High,(Wanna Get To Know You) That Good!),Shania Twain,,2002,yes,"""ooo"", ""mm"", ""yeah""",00:00:00,00:00:30,https://open.spotify.com/playlist/0A4AQy0frsA5gdg1siOyzr?si=5428829c74c14be4
Country_HIGH_16,Country,High,Cold as You,Luke Combs,,2020,no,,00:02:26,00:02:56,
Country_HIGH_17,Country,High,Feathered Indians,Tyler Childers,,2017,no,,00:03:14,00:03:44,
Country_HIGH_18,Country,High,I'm So Lonesome I Could Cry,Johnny Cash,,2002,no,,00:01:40,00:02:10,
Country_HIGH_19,Country,High,Something in the Orange,Zach Bryan,,2022,no,,00:00:02,00:00:32,
Country_HIGH_20,Country,High,The House of the Rising Sun,Dolly Parton,,1973,yes,"""ooo""",00:03:15,00:03:45,
Country_HIGH_21,Country,High,august,Taylor Swift,,2020,yes,"""ooo"", ""yeah""",00:03:27,00:03:57,
Country_LOW_01,Country,Low,Bighorn Samba,Earth Bombs Mars,,2008,no,,00:00:00,00:00:30,https://open.spotify.com/playlist/1vCNu03JbS2glWrS9LpZXq?si=346a96415255494d
Country_LOW_02,Country,Low,Hunting Moon,Dan Cugnet,,2024,no,,00:03:57,00:04:27,
Country_LOW_03,Country,Low,Lately,Devin & The Straights,,2008,no,,00:02:25,00:02:55,
Country_LOW_04,Country,Low,Ocean Side,The Founders,,1997,no,,00:03:25,00:03:55,
Country_LOW_05,Country,Low,This Heart of Mine,Crandall Creek,,2020,no,,00:01:34,00:02:04,
Country_LOW_06,Country,Low,Waiting for You to Call,Mickey Keller and the Spitfires,,2010,no,,00:00:45,00:01:15,
Country_LOW_07,Country,Low,Wrong Side Hill,Slim River Boys,,2018,no,,00:01:37,00:02:07,
Country_MED_08,Country,Medium,Brenda Put Your Bra On,Ashley McBryde,,2022,no,,00:00:00,00:00:30,https://open.spotify.com/playlist/0uDkfLqRr83NQ99malq728?si=ed9dad70d56e4fe9
Country_MED_09,Country,Medium,Drowning,Radio Company,,2019,yes,"""ooo""",00:00:08,00:00:38,
Country_MED_10,Country,Medium,If Your Conscience Can't Stop You (How Can I),Jan Howard,,1960,no,,00:01:06,00:01:36,
Country_MED_11,Country,Medium,Island Boy,Phil Vassar,,2000,yes,"""ooo"", ""yeah""",00:03:17,00:03:47,
Country_MED_12,Country,Medium,Love Me,The Little Willies,,2006,no,,00:01:50,00:02:20,
Country_MED_13,Country,Medium,Sunny Day,Deana Carter,,2005,no,,00:04:00,00:04:30,
Country_MED_14,Country,Medium,The Captain,Kasey Chambers,,1999,no,,00:03:50,00:04:20,
Dance_HIGH_08,Dance,High,Cry for You,September,,2007,no,,00:00:00,00:00:30,https://open.spotify.com/playlist/2CDCKRJNLZzJVzxFqsuSZR?si=5a7d64930c4d485d
Dance_HIGH_09,Dance,High,Drinkee,Sofi Tukker,,2016,yes,"""dah"", ""doo""",00:03:23,00:03:53,
Dance_HIGH_10,Dance,High,Everytime We Touch,Cascada,,2010,no,,00:00:56,00:01:26,
Dance_HIGH_11,Dance,High,Get Back (ASAP),Alexandra Stan,,2011,yes,"""yeah""",00:00:00,00:00:30,
Dance_HIGH_12,Dance,High,L’Amour Toujours,Gigi D’Agostino,,2001,no,,00:00:00,00:00:30,
Dance_HIGH_13,Dance,High,Renegade,Axwell /\ Ingrosso,,2017,no,,00:02:32,00:03:02,
Dance_HIGH_14,Dance,High,Sissy That Walk,RuPaul,,2014,no,,00:01:54,00:02:24,
Dance_LOW_15,Dance,Low,Dark Side Of The Moon - Original Extended,Ernesto vs. Bastian,,2005,no,,00:04:23,00:04:53,
Dance_LOW_16,Dance,Low,Helpless - Monster Mix,"Mÿon, Shane 54, Aruna",,2006,no,,00:00:00,00:00:30,https://open.spotify.com/playlist/23O6HKnm6hsjGQImyJKK7l?si=0579db73ee6b492c
Dance_LOW_17,Dance,Low,I Love You - Cosmic Gate Remix,"Steven Moebius Albert, Ralph Kyau",,2012,no,,00:01:11,00:01:41,
Dance_LOW_18,Dance,Low,Make Me Want You - Dance Remix,Thomas Donovan,,1998,no,,00:00:00,00:00:30,
Dance_LOW_19,Dance,Low,Rock Music - (Don Disblo Remix),2 Faced,,2006,no,,00:04:30,00:05:00,
Dance_LOW_20,Dance,Low,Self Esteem (Klubbrockerz Mix),Stars ’n’ Stripes,,2006,no,,00:00:41,00:01:11,
Dance_LOW_21,Dance,Low,These R The Times,Da Sunlounge & Inland Knights,,2010,no,,00:00:00,00:00:30,
Dance_MED_01,Dance,Medium,California Dreamin' - Tek-House Extended,Royal Gigolos,,2017,no,,00:00:00,00:00:30,https://open.spotify.com/playlist/5JX4p0dGFoKNuvg4QSwCfC?si=82a5c0b37c3b4802
Dance_MED_02,Dance,Medium,Dear Jessie,Rollergirl,,1999,no,,00:00:00,00:00:30,
Dance_MED_03,Dance,Medium,Do You Know (I Go Crazy),Angel City,,2004,no,,00:00:00,00:00:30,
Dance_MED_04,Dance,Medium,La Niña del Volcán (Polocorp Remix),YoSoyMatt,,2019,no,,00:03:00,00:03:30,
Dance_MED_05,Dance,Medium,REACT (feat. Ella Henderson) - Don Diablo Remix,Switch Disco,,2023,no,,00:00:00,00:00:30,
Dance_MED_06,Dance,Medium,Summer Days - Radio Edit,Sean Finn,,2016,yes,"""-ah""",00:00:31,00:01:01,
Dance_MED_07,Dance,Medium,Ты засадишь,EA7,,2017,no,,00:03:08,00:03:38,
Electronic_HIGH_01,Electronic,High,Crimewaves,"Crystal Castles, HEALTH",,2008,no,,00:02:50,00:03:20,https://open.spotify.com/playlist/5TiXNmkHGSl5VZME3Zn3vs?si=061ea59cf9184d78
Electronic_HIGH_02,Electronic,High,Electric Feel,MGMT,,2007,no,,00:00:00,00:00:30,
Electronic_HIGH_03,Electronic,High,Genesis,Grimes,,2012,no,,00:00:00,00:00:30,
Electronic_HIGH_04,Electronic,High,One More Time,Daft Punk,,2001,no,,00:01:34,00:02:04,
Electronic_HIGH_05,Electronic,High,Outside,"Calvin Harris, Ellie Goulding",,2014,yes,"""dah""",00:03:10,00:03:40,
Electronic_HIGH_06,Electronic,High,The Other Side Of Paradise,Glass Animals,,2016,yes,"""oogh"", ""ha""",00:00:00,00:00:30,
Electronic_HIGH_07,Electronic,High,Venus As A Boy,Björk,,1993,no,,00:03:54,00:04:24,
Electronic_LOW_08,Electronic,Low,El Orden del Universo,D3ndron,,2009,no,,00:00:00,00:00:30,https://open.spotify.com/playlist/00syGQ9r8Gc4io6cI8xkxb?si=adc76a2a84b247e8
Electronic_LOW_09,Electronic,Low,Expansion,SUPREEMO,,2021,no,,00:00:00,00:00:30,
Electronic_LOW_10,Electronic,Low,Inflicted_1,coldrose,,2020,no,,00:00:17,00:00:47,
Electronic_LOW_11,Electronic,Low,Memoria,Spring In A Small Town,,2020,yes,"""ha"", ""yah"", (bird noise)",00:02:00,00:02:30,
Electronic_LOW_12,Electronic,Low,Reckless Heart,Continues,,2012,no,,00:00:00,00:00:30,
Electronic_LOW_13,Electronic,Low,Simplicity,Macroform,,2015,no,,00:00:00,00:00:30,
Electronic_LOW_14,Electronic,Low,Tape,Skip Cloud,,2013,no,,00:00:38,00:01:08,
Electronic_MED_15,Electronic,Medium,A Paw In My Face,The Field,,2007,no,,00:00:00,00:00:30,https://open.spotify.com/playlist/4qsQmZ8WwxIUPkrEDXfU28?si=938ffe863269457d
Electronic_MED_16,Electronic,Medium,Bodies of Water,Cosmo Sheldrake,,2023,no,,00:00:14,00:00:44,
Electronic_MED_17,Electronic,Medium,Dumb Love,NEIL FRANCES,,2017,yes,"""ah"", ""oh""",00:02:43,00:03:13,
Electronic_MED_18,Electronic,Medium,Ghost Duet,Louie Zong,,2017,yes,"""ooo"", whistle",00:00:00,00:00:30,
Electronic_MED_19,Electronic,Medium,Looped,Kiasmos,,2014,no,,00:00:00,00:00:30,
Electronic_MED_20,Electronic,Medium,The Distance,Totally Enormous Extinct Dinosaurs,,2023,no,,00:04:21,00:04:51,
Electronic_MED_21,Electronic,Medium,Things Will Never Be There,JJ,,2009,no,,00:00:00,00:00:30,
Film_HIGH_15,Film,High,Journey To The Real World,Tame Impala,Barbie,2023,no,,00:00:00,00:00:30,https://open.spotify.com/playlist/4myAkVBb9KS18ydXqDXqu6?si=db34283de8ae4f5e
Film_HIGH_16,Film,High,"Main Theme (From ""The Dark Knight Rises"")",Hans Zimmer,The Dark Knight Rises,2005-2012,no,,00:00:00,00:00:30,
Film_HIGH_17,Film,High,Star Wars (Main Theme),John Williams,Star Wars,1977-2023,no,,00:00:00,00:00:30,
Film_HIGH_18,Film,High,The Avengers,Alan Silvestri,Avengers,2008-2023,no,,00:00:00,00:00:30,
Film_HIGH_19,Film,High,The Glory Days,Michael Giacchino,The Incredibles,2004-2018,no,,00:00:00,00:00:30,
Film_HIGH_20,Film,High,Theme From Jurassic Park,John Williams,Jurassic Park,1993-2022,no,,00:01:09,00:01:39,
Film_HIGH_21,Film,High,Top Gun Anthem,Harold Faltermeyer,Top Gun Maverick,2022,no,,00:00:00,00:00:30,
Film_LOW_01,Film,Low,Hammer of the Gods: Opening Title,Benjamin Wallfisch,Hammer of the Gods,2013,no,,00:00:00,00:00:30,https://open.spotify.com/playlist/5Sap2Fo8ltqrpU8tMwLtCD?si=cf874b959e224491
Film_LOW_02,Film,Low,Main Titles,Marius Ruhland,Death of a Superhero,2012,no,,00:00:00,00:00:30,
Film_LOW_03,Film,Low,Samajavaragamana,Sid Sriram,Ala Vaikunthapurramuloo,2020,no,,00:01:27,00:01:57,
Film_LOW_04,Film,Low,The Streets of Miami,Christopher Hajian,Critical Thinking,2020,no,,00:00:00,00:00:30,
Film_LOW_05,Film,Low,Troy's Theme,We Are Dark Angels,Dog Eat Dog,2017,no,,00:00:00,00:00:30,
Film_LOW_06,Film,Low,Until Now,Jerome Dillon,Officer Down,2013,no,,00:00:00,00:00:30,
Film_LOW_07,Film,Low,Where Is My Dad,André Manoukian,Fonzy,2013,no,,00:00:00,00:00:30,
Film_MED_08,Film,Medium,Bob Wakes Up,David Newman,The Spy Next Door,2010,no,,00:00:00,00:00:30,https://open.spotify.com/playlist/6jPgsiuL0UdlXj44wioStm?si=e0ad0a92c5534fd1
Film_MED_09,Film,Medium,Carolina,David Buckley,From Paris with Love,2010,no,,00:00:00,00:00:30,
Film_MED_10,Film,Medium,Hoffa Trailer,David Newman,Hoffa,1992,no,,00:00:00,00:00:30,
Film_MED_11,Film,Medium,The Strangers Prey At Night,Adrian Johnston,The Strangers Prey At Night,2018,no,,00:00:00,00:00:30,
Film_MED_12,Film,Medium,The world is amazed - Main Title Theme,Rolfe Kent,Downsizing,2017,no,,00:00:00,00:00:30,
Film_MED_13,Film,Medium,Tinker Tailor Soldier Spy,Alberto Iglesias,Tinker Tailor Soldier Spy,2011,no,,00:00:00,00:00:30,
Film_MED_14,Film,Medium,Welcome To The Army,Hans Zimmer,Renaissance Man,1994,no,,00:00:00,00:00:30,
Folk_HIGH_08,Folk,High,"Flightless Bird, American mouth",Iron & Wine,,2007,yes,"""ooo""",00:02:35,00:03:05,https://open.spotify.com/playlist/3niyv2eEp34cg8eQlrcz6r?si=66219695c3ef4a20
Folk_HIGH_09,Folk,High,Little Lion Man,Mumford & Sons,,2009,yes,"""ah""",00:02:20,00:02:50,
Folk_HIGH_10,Folk,High,Mr. Tambourine Man,Bob Dylan,,1965,no,,00:03:24,00:03:54,
Folk_HIGH_11,Folk,High,Mrs. Robinson,Simon & Garfunkel,Forrest Gump,2001,yes,"""dee"", ""doo""",00:00:00,00:00:30,
Folk_HIGH_12,Folk,High,Nantes,Beirut,,2007,no,,00:01:12,00:01:42,
Folk_HIGH_13,Folk,High,Road,Nick Drake,,1972,no,,00:00:00,00:00:30,
Folk_HIGH_14,Folk,High,Skinny Love,Bon Iver,,2008,no,,00:00:00,00:00:30,
Folk_LOW_15,Folk,Low,Jänese Õhkamine,Lepaseree,,2015,yes,"""hii!""",00:03:43,00:04:13,https://open.spotify.com/playlist/3iYxzEheYsOqGVU6aGcqOh?si=475d793e42994171
Folk_LOW_16,Folk,Low,Kız Senin,İsmail Altunsaray,,2011,no,,00:00:00,00:00:30,
Folk_LOW_17,Folk,Low,Lord Won’t Come,Nero Kane,,2020,no,,00:04:36,00:05:06,
Folk_LOW_18,Folk,Low,The Art of the Quickdraw,The Minor Canon,,2007,no,,00:00:00,00:00:30,
Folk_LOW_19,Folk,Low,The Big City,Mark Minelli,,2009,yes,"""woo"", ""ooo""",00:00:55,00:01:25,
Folk_LOW_20,Folk,Low,The Desmond Slides,Colm Murphy,,1996,no,,00:00:00,00:00:30,
Folk_LOW_21,Folk,Low,Winnetou-Melodie (Deep House Version),Story Of Dakota,,2016,no,,00:00:00,00:00:30,
Folk_MED_01,Folk,Medium,Ai de Mim,OUTROEU,,2017,yes,"""ooo"", ""hey""",00:02:53,00:03:23,https://open.spotify.com/playlist/4qzvU1eJO4mhR4oq1DBBIr?si=947ca63cb332412d
Folk_MED_02,Folk,Medium,Ben Her Zaman Sana Aşıktım,Kalben,,2017,yes,"""la""",00:02:20,00:02:50,
Folk_MED_03,Folk,Medium,Big Log,Robert Plant,,1983,no,,00:00:00,00:00:30,
Folk_MED_04,Folk,Medium,Dangerous,Joshua James,,2008,no,,00:00:00,00:00:30,
Folk_MED_05,Folk,Medium,Lopin’ Along thru the Cosmos - Remastered,Judee Sill,,1971,no,,00:01:31,00:02:01,
Folk_MED_06,Folk,Medium,Reunite,Isbells,,2009,no,,00:01:57,00:02:27,
Folk_MED_07,Folk,Medium,Seeds Of Night,The Cave Singers,,2008,no,,00:00:00,00:00:30,
Funk_HIGH_01,Funk,High,"""1999""",Prince,,1982,no,,00:00:12,00:00:42,https://open.spotify.com/playlist/69Zvw3K9dEvVrG5q99VqX6?si=f4c5ec18520246c4
Funk_HIGH_02,Funk,High,Dean Town,Vulfpeck,,2016,no,,00:00:00,00:00:30,
Funk_HIGH_03,Funk,High,Little L,Jamiroquai,,2001,no,,00:00:00,00:00:30,
Funk_HIGH_04,Funk,High,September,"Earth, Wind & Fire",,1978,yes,"""baa dee ya"", ""hey""",00:03:03,00:03:33,
Funk_HIGH_05,Funk,High,Simley Faces,Gnarls Barkely,,2006,yes,"""hey""",00:02:24,00:02:54,
Funk_HIGH_06,Funk,High,The Boss,James Brown,,1973,no,,00:02:33,00:03:03,
Funk_HIGH_07,Funk,High,Them Changes,Thundercat,,2017,yes,"""ooo"", ""la""",00:02:25,00:02:55,
Funk_LOW_08,Funk,Low,Better Days,Tony Aiken and Future 2000,,2008,yes,"""-ow"", ""ooo""",00:04:14,00:04:44,https://open.spotify.com/playlist/66S09vieoXK21DoCzVlCAL?si=e3e1d7b440014d1b
Funk_LOW_09,Funk,Low,Feelin Good,The Mooncakes Project,,2012,no,,00:00:17,00:00:47,
Funk_LOW_10,Funk,Low,Funky Rules,Fun Key,,2003,no,,00:00:00,00:00:30,
Funk_LOW_11,Funk,Low,Get Twisted,Raw Deluxe,,2009,no,,00:03:12,00:03:42,
Funk_LOW_12,Funk,Low,Make Some Noise,Phat Sidy Smokehouse,,1999,yes,"""huh"", ""ah""",00:02:44,00:03:14,
Funk_LOW_13,Funk,Low,She's Gotta Be ,The Neutronics,,2017,no,,00:00:05,00:00:35,
Funk_LOW_14,Funk,Low,Walking Trombone,The Essential FUNK Trombone,,2021,yes,"""yeah"", ""woah""",00:00:32,00:01:02,
Funk_MED_15,Funk,Medium,Charisma,Tom Browne,,1981,no,,00:00:00,00:00:30,https://open.spotify.com/playlist/4qzvU1eJO4mhR4oq1DBBIr?si=947ca63cb332412d
Funk_MED_16,Funk,Medium,Darkest Light,Lafayette Afro Rock Band,,1974,no,,00:00:00,00:00:30,
Funk_MED_17,Funk,Medium,Hair,Graham Central Station,,1973,no,,00:04:17,00:04:47,
Funk_MED_18,Funk,Medium,Iambic 5 Poetry,Shobaleader One,,2017,no,,00:00:06,00:00:36,
Funk_MED_19,Funk,Medium,Mighty & High,Can't Stop Won't Stop,,2015,yes,"""ha"", ""ah""",00:03:08,00:03:38,
Funk_MED_20,Funk,Medium,Running,Baby Huey,,1971,no,,00:00:00,00:00:30,
Funk_MED_21,Funk,Medium,The brazilian hipster,Fort Knowx Five,,2004,no,,00:00:26,00:00:56,
Hiphop_HIGH_15,Hip-hop,High,ARE WE STILL FRIENDS?,"Tyler, The Creator",,2019,yes,"""ooo""",00:01:49,00:02:19,https://open.spotify.com/playlist/0jPPM6e1qKpkdhPDaMZUBc?si=de3e1a6911174552
Hiphop_HIGH_16,Hip-hop,High,Circles,Post Malone,,2019,yes,"""uh""",00:00:00,00:00:30,
Hiphop_HIGH_17,Hip-hop,High,Dang! (feat. Anderson .Paak),Mac Miller,,2016,yes,"""woo""",00:04:28,00:04:58,
Hiphop_HIGH_18,Hip-hop,High,God's Plan,Drake,,2018,yes,"""yuh""",00:02:39,00:03:09,
Hiphop_HIGH_19,Hip-hop,High,Pursuit of Happiness (Nightmare),Kid Cudi,,2009,no,,00:02:55,00:03:25,
Hiphop_HIGH_20,Hip-hop,High,Runaway,Kanye West,,2010,yes,"""mm""",00:05:25,00:05:55,
Hiphop_HIGH_21,Hip-hop,High,STARGAZING,Travis Scott,,2018,no,(background scream),00:02:28,00:02:58,
Hiphop_LOW_01,Hip-hop,Low,6 00 AM,Canto I,,2008,yes,"""ah"", ""uh huh""",00:00:02,00:00:32,https://open.spotify.com/playlist/2JQVM8Rf8bfurUMgttki6C?si=1a60ce898dce40aa
Hiphop_LOW_02,Hip-hop,Low,Galab,Haykal,,2023,no,,00:02:28,00:02:58,
Hiphop_LOW_03,Hip-hop,Low,Mun Sydän Sykkii,Hannes H,,2010,yes,"""ah, ""ooo"", ""mm""",00:02:38,00:03:08,
Hiphop_LOW_04,Hip-hop,Low,Rabbit Hole,Wheelchair Sports Camp,,2021,yes,"""ooo""",00:00:04,00:00:34,
Hiphop_LOW_05,Hip-hop,Low,Sad Trumpet,Lee Reed,,2018,no,,00:01:49,00:02:19,
Hiphop_LOW_06,Hip-hop,Low,Theme Song,DJ Blackskin,,2009,yes,"""aay"", ""wha""",00:03:15,00:03:45,
Hiphop_LOW_07,Hip-hop,Low,Zürich,Laurin Buser,,2023,no,,00:02:23,00:02:53,
Hiphop_MED_08,Hip-hop,Medium,3030,Deltron 3030,,2000,yes,"""ooo"", ""ah""",00:00:34,00:01:04,https://open.spotify.com/playlist/0pVQz9EgqgJah7QYEz99b7?si=59ef3f06204944d9
Hiphop_MED_09,Hip-hop,Medium,La vida loca,White 2115,,2018,yes,"""yeah"", ""uh""",00:01:56,00:02:26,
Hiphop_MED_10,Hip-hop,Medium,La vie qu'onmène,Ninho,,2019,no,,00:02:27,00:02:57,
Hiphop_MED_11,Hip-hop,Medium,Live and Let Live,Souls Of Mischief,,1993,no,,00:04:38,00:05:08,
Hiphop_MED_12,Hip-hop,Medium,NICE OUT,Kilo Kish,,2019,yes,"""uh"", ""ee"", ""yeah""",00:03:31,00:04:01,
Hiphop_MED_13,Hip-hop,Medium,NOT THAT I'M ANYWHERE,Cities Aviv,,2012,yes,"""-eh"", ""oh""",00:01:22,00:01:52,
Hiphop_MED_14,Hip-hop,Medium,Voldemort,Freeze Corleone,,2023,yes,"""eh""",00:03:16,00:03:46,
Jazz_HIGH_08,Jazz,High,Autumn Leaves,Nat King Cole,,1955,yes,"""oh""",00:01:16,00:01:46,https://open.spotify.com/playlist/68Bws1TCZzXB2GN240zjIL?si=85cf478988964cfa
Jazz_HIGH_09,Jazz,High,Feeling Good,Michael Bublé,,2005,no,,00:02:12,00:02:42,
Jazz_HIGH_10,Jazz,High,Fly Me To The Moon,Frank Sinatra,,1962,no,,00:01:12,00:01:42,
Jazz_HIGH_11,Jazz,High,My Baby Just Cares for Me,Nina Simone,,1959,no,,00:01:10,00:01:40,
Jazz_HIGH_12,Jazz,High,So What,Miles Davis,,1959,no,,00:00:34,00:01:04,
Jazz_HIGH_13,Jazz,High,Summertime,"Ella Fitzgerald, Louis Armstrong",,1958,no,,00:00:00,00:00:30,
Jazz_HIGH_14,Jazz,High,The Girl From Ipanema,Stan Getz,,1964,no,,00:02:34,00:03:04,
Jazz_LOW_15,Jazz,Low,Ainda Mais Amor,Nicola Conte,,2016,yes,"""ooo""",00:01:01,00:01:31,https://open.spotify.com/playlist/10v6f00cTnwzrAEHo573Pd?si=d0785e2c64074af3
Jazz_LOW_16,Jazz,Low,Girl Talk,Dave Siebels,,2008,no,,00:00:00,00:00:30,
Jazz_LOW_17,Jazz,Low,London in July,Corky Hale,,2012,no,,00:00:00,00:00:30,
Jazz_LOW_18,Jazz,Low,Medusa,Grupo Medusa,,2023,no,,00:00:00,00:00:30,
Jazz_LOW_19,Jazz,Low,Sembellogy,Sembello,,2003,no,,00:00:00,00:00:30,
Jazz_LOW_20,Jazz,Low,Tempest,Steve Coleman and the Council of Balance,,2015,no,,00:00:00,00:00:30,
Jazz_LOW_21,Jazz,Low,"Thinking of You, Mjq",Cal Tjader Quarter,,1957,no,,00:01:23,00:01:53,
Jazz_MED_01,Jazz,Medium,Crepuscholo Sul Mare,Piero Umiliani,,1967,no,,00:00:00,00:00:30,https://open.spotify.com/playlist/5RVtBv6GA0NpYgJblJVClc?si=da4e976ecf8c4e5f
Jazz_MED_02,Jazz,Medium,I Guess I'll Hang My Tears Out To Dry - Rudy Van Gelder,Dexter Gordon,,1944,no,,00:00:00,00:00:30,
Jazz_MED_03,Jazz,Medium,Keep On,Alfa Mist,,2017,no,,00:00:23,00:00:53,
Jazz_MED_04,Jazz,Medium,Moanin',Art Blakely& The Jazz Messengers,,1958,no,,00:00:00,00:00:30,
Jazz_MED_05,Jazz,Medium,Skating,Vince Guaraldi,A Charlie Brown Christmas,1965,no,,00:00:00,00:00:30,
Jazz_MED_06,Jazz,Medium,Take Five,Paul Desmond,,1959,no,,00:00:00,00:00:30,
Jazz_MED_07,Jazz,Medium,Turiya & Ramakrishna,Alice Coltrane,,1970,no,,00:00:00,00:00:30,
Metal_HIGH_01,Metal,High,Baptized In The Redemption,Roadrunner United,,2005,no,,00:02:07,00:02:37,https://open.spotify.com/playlist/7vkSrbQeimYCc6OgxBmDM5?si=855a5548668b42b7
Metal_HIGH_02,Metal,High,Can I Play with Madness,Iron Maiden,,1988,yes,"""duh""",00:02:28,00:02:58,
Metal_HIGH_03,Metal,High,Chop Suey!,System of a Down,,2001,no,,00:00:15,00:00:45,
Metal_HIGH_04,Metal,High,Down With the Sickness,Disturbed,,2000,yes,"""oh wa ah ah ah"", ""ogh ogh""",00:00:23,00:00:53,
Metal_HIGH_05,Metal,High,Enter Sandman,Metallica,,1991,no,,00:00:34,00:01:04,
Metal_HIGH_06,Metal,High,Killing in the Name,Rage Against the Machine,,1992,no,,00:00:00,00:00:30,
Metal_HIGH_07,Metal,High,What I've Done,Linkin Park,,2007,no,,00:00:00,00:00:30,
Metal_LOW_08,Metal,Low,Cruciality,Anosmic,,2023,no,,00:00:00,00:00:30,https://open.spotify.com/playlist/4xq9oRxZxGf7HQcGi2IdO1?si=b94ba75e5ce74a05
Metal_LOW_09,Metal,Low,Darkside,Sacred Sin,,2019,yes,"""oowoaa"" (death growl)",00:00:00,00:00:30,
Metal_LOW_10,Metal,Low,Endzeit,Aphotic,,2023,no,,00:00:05,00:00:35,
Metal_LOW_11,Metal,Low,Kälte,Stories Of A Dark Soul,,2019,no,,00:00:15,00:00:45,
Metal_LOW_12,Metal,Low,Telarum Digitum,We Came From The Lengthy Split,,2016,yes,"""uhooa"" (death growl)",00:00:00,00:00:30,
Metal_LOW_13,Metal,Low,Under the Knife,Earthstomper,,2020,no,,00:00:43,00:01:13,
Metal_LOW_14,Metal,Low,Viaje Por Existir,Hellangels,,2014,no,,00:01:31,00:02:01,
Metal_MED_15,Metal,Medium,Check My Brain,Alice In Chains,,2009,no,,00:00:00,00:00:30,https://open.spotify.com/playlist/3mhD1JtKTQV3gOTZFlAMaD?si=38b5b815436340cb
Metal_MED_16,Metal,Medium,Clown,Korn,,1994,no,,00:00:45,00:01:15,
Metal_MED_17,Metal,Medium,OptiMystic,Alyag,,2018,no,,00:01:07,00:01:37,
Metal_MED_18,Metal,Medium,School Revolution,Voice of Baceprot,,2003,no,,00:00:00,00:00:30,
Metal_MED_19,Metal,Medium,Thunderhorse,Dethklok (Metalocalypse),,2001,no,,00:01:59,00:02:29,
Metal_MED_20,Metal,Medium,Welcome to the Family,Avenged Sevenfold,,2010,no,,00:02:13,00:02:43,
Metal_MED_21,Metal,Medium,Wish,Nine Inch Nails,,1992,yes,"""ttuh"", ""huh""",00:01:44,00:02:14,
Pop_HIGH_15,Pop,High,Break the Rules ,Charlie XCX,,2014,yes,"""nah""",00:02:47,00:03:17,https://open.spotify.com/playlist/6WeJwh8DV1QwDJjWk3xPB9?si=00046045a5604bef
Pop_HIGH_16,Pop,High,Hard Feelings/Loveless,Lorde ,,2017,yes,"""huh""",00:02:24,00:02:54,
Pop_HIGH_17,Pop,High,Love Again,Dua Lipa,,2021,no,,00:00:00,00:00:30,
Pop_HIGH_18,Pop,High,Slow Dancing,V,,2023,yes,"""heh""",00:01:50,00:02:20,
Pop_HIGH_19,Pop,High,The Edge Of Glory,Lady Gaga,,2011,no,,00:03:18,00:03:48,
Pop_HIGH_20,Pop,High,We Found Love ,Rihanna,,2011,no,,00:00:53,00:01:23,
Pop_HIGH_21,Pop,High,ocean eyes,Billie Eilish,,2017,yes,"""ah"", ""dah"", ""duh"", ""ooo"", ""yeah""",00:02:11,00:02:41,
Pop_LOW_01,Pop,Low,A Casa Sou Eu - Ao Vivo,Gabriell Junior,,2018,no,,00:00:07,00:00:37,https://open.spotify.com/playlist/2oJx50sXhACbdDcHio82Qd?si=2a06a6d22abf4e60
Pop_LOW_02,Pop,Low,Aire 2007 - Extended,Pedro Marin,,2007,no,,00:00:00,00:00:30,
Pop_LOW_03,Pop,Low,I'll Survive - Raoul Playground Mix,Ronny Morris,,2016,yes,"""ay""",00:00:50,00:01:20,
Pop_LOW_04,Pop,Low,Kadeh,Bence,,2021,no,,00:00:00,00:00:30,
Pop_LOW_05,Pop,Low,Panasonic,Motions,,2017,no,,00:00:02,00:00:32,
Pop_LOW_06,Pop,Low,Tu esi,Olga Rajecka,,2002,yes,"""huh"", ""duh"", ""uh""",00:00:00,00:00:30,
Pop_LOW_07,Pop,Low,ghost ,Boys and Ivy,,2023,no,,00:03:25,00:03:55,
Pop_MED_08,Pop,Medium,A Arte Do Coração,Sandy e Junior,,1999,yes,"""nah""",00:00:00,00:00:30,https://open.spotify.com/playlist/1Ft4kHCf3ozmubtdox3T9K?si=92f2f12a25dc4288
Pop_MED_09,Pop,Medium,I Turn To You ,Melanie C ,,1999,no,,00:04:07,00:04:37,
Pop_MED_10,Pop,Medium,Jeanny,Falco,,1985,no,,00:00:08,00:00:38,
Pop_MED_11,Pop,Medium,Physical - Remastered 2021,Olivia Newton-John ,,1981,yes,"""ah, ""yah""",00:02:18,00:02:48,
Pop_MED_12,Pop,Medium,Thank You,Lennon Stella ,,2022,yes,"""mm""",00:01:40,00:02:10,
Pop_MED_13,Pop,Medium,You Belong To Me,Ari Abdul ,,2023,yes,"""mm""",00:01:51,00:02:21,
Pop_MED_14,Pop,Medium,weekends,Hojean,,2021,no,,00:03:00,00:03:30,
RnB_HIGH_08,R&B,High,DEAD MAN WALKING,Brent Faiyaz,,2022,no,,00:02:52,00:03:22,https://open.spotify.com/playlist/0cTnOz2xmJAvLr4SVjwovk?si=013a1be255ed45a7
RnB_HIGH_09,R&B,High,Good Days,SZA,,2022,no,,00:03:03,00:03:33,
RnB_HIGH_10,R&B,High,In Your Eyes,The Weeknd,,2020,yes,"""ooo"", ""ah"", ""hey""",00:03:16,00:03:46,
RnB_HIGH_11,R&B,High,Location,Khalid,,2017,no,,00:03:12,00:03:42,
RnB_HIGH_12,R&B,High,Nights,Frank Ocean,,2016,no,,00:03:10,00:03:40,
RnB_HIGH_13,R&B,High,The Color Violet,Tory Lanez,,2021,yes,"""ooo""",00:03:02,00:03:32,
RnB_HIGH_14,R&B,High,Waterfalls,TLC,,1994,no,,00:00:02,00:00:32,
RnB_LOW_15,R&B,Low,Bout Us,Ursa Major,,2024,yes,"""ooo""",00:02:26,00:02:56,https://open.spotify.com/playlist/5ND5teCcPs2HQRTEnak1pJ?si=87133ad359ec424e
RnB_LOW_16,R&B,Low,Don't Take It Easy,Shoyori,,2019,yes,"""yeah""",00:04:40,00:05:10,
RnB_LOW_17,R&B,Low,Little Black Boy,Rob Clove,,2016,yes,"""mm""",00:02:28,00:02:58,
RnB_LOW_18,R&B,Low,Perfect to Me,Phreddy J.B.,,2018,yes,"""yeah""",00:00:00,00:00:30,
RnB_LOW_19,R&B,Low,Resolutions,Sutton,,2023,no,,00:00:21,00:00:51,
RnB_LOW_20,R&B,Low,Strong Man,Ebony Vibe Everlasting,,1994,yes,"""mm"", ""uh""",00:00:02,00:00:32,
RnB_LOW_21,R&B,Low,north star,dreambody,,2021,yes,"""ah""",00:00:30,00:01:00,
RnB_MED_01,R&B,Medium,4EVA,KAYTRAMINÉ,,2023,no,,00:02:36,00:03:06,https://open.spotify.com/playlist/5e9uXMGAULXdZx58or55Fg?si=8b33a0ebdf354e63
RnB_MED_02,R&B,Medium,Confessions,Sudan Archives,,2019,no,,00:00:06,00:00:36,
RnB_MED_03,R&B,Medium,Devotion,Emotional Oranges,,2022,yes,"""ooo"", ""ah"", ""nah""",00:02:14,00:02:44,
RnB_MED_04,R&B,Medium,Hard,Dreamer Isioma,,2020,yes,"""ah"", ""ooo"", ""yeah""",00:01:12,00:01:42,
RnB_MED_05,R&B,Medium,Rain,SWV,,1997,no,,00:00:06,00:00:36,
RnB_MED_06,R&B,Medium,Slowly,ODIE,,2020,no,,00:02:33,00:03:03,
RnB_MED_07,R&B,Medium,Take Me Where Your Heart Is,Q,,2021,no,,00:00:00,00:00:30,
Rock_HIGH_01,Rock,High,Californication,Red Hot Chilli Peppers,,1999,no,,00:03:30,00:04:00,https://open.spotify.com/playlist/10m2JnfovuShqthhEn0q3j?si=019f2ff5503c4ab7
Rock_HIGH_02,Rock,High,Everlong,Foo Fighters,,1997,no,,00:00:00,00:00:30,
Rock_HIGH_03,Rock,High,Summertime,My Chemical Romance,,2010,no,,00:00:00,00:00:30,
Rock_HIGH_04,Rock,High,This is Why,Paramore,,2023,no,,00:00:00,00:00:30,
Rock_HIGH_05,Rock,High,Undone - The Sweater Song,Weezer,,1994,yes,"""ooo woo""",00:03:21,00:03:51,
Rock_HIGH_06,Rock,High,With Or Without You,U2,,1987,no,,00:04:03,00:04:33,
Rock_HIGH_07,Rock,High,Yellow,Coldplay,,2000,yes,"""ooo""",00:00:00,00:00:30,
Rock_LOW_08,Rock,Low,A Place For Ever,Se Noghte Band,,2016,yes,"""oh"", ""ooo""",00:03:31,00:04:01,https://open.spotify.com/playlist/4Yc2XTHLfMIKKKWsC4wmlq?si=d5d8c3f7de9044a5
Rock_LOW_09,Rock,Low,Fado,Danta,,2017,no,,00:00:00,00:00:30,
Rock_LOW_10,Rock,Low,Final Warning,Guiding Lights,,2020,no,,00:00:00,00:00:30,
Rock_LOW_11,Rock,Low,Haiiro No Hako,musiquo musiqua,,2012,no,,00:02:06,00:02:36,
Rock_LOW_12,Rock,Low,MIND TRAIN,Yoko Ono & Plastic Ono Super Band,,2022,yes,"""duh""",00:00:27,00:00:57,
Rock_LOW_13,Rock,Low,Sous la lune,Les Marinellis,,2015,no,,00:02:38,00:03:08,
Rock_LOW_14,Rock,Low,Where Only We Exist,Deaf Scene,,2010,no,,00:00:00,00:00:30,
Rock_MED_15,Rock,Medium,Dursun Zaman,maNga,,2004,yes,"""ooo"", ""dah""",00:00:00,00:00:30,https://open.spotify.com/playlist/5HYADa2kV5njfB96doG22v?si=0ecef5db8cd44131
Rock_MED_16,Rock,Medium,Heavy Leather,The Technicolors,,2015,yes,"""-ee"", ""la""",00:01:52,00:02:22,
Rock_MED_17,Rock,Medium,Nadzieja,IRA,,1991,yes,"""ooo""",00:01:54,00:02:24,
Rock_MED_18,Rock,Medium,Not an Addict,K's Choice,,2009,yes,"""yeah""",00:04:13,00:04:43,
Rock_MED_19,Rock,Medium,Open Up Your Eyes,Tonic,,1996,no,,00:00:00,00:00:30,
Rock_MED_20,Rock,Medium,Soulfight,The Revivalist,,2008,no,,00:00:00,00:00:30,
Rock_MED_21,Rock,Medium,Voglia di morire,Panda,,2004,yes,"""-ee""",00:03:53,00:04:23,
VG_HIGH_15,Video game,High,A Thief's End,Henry Jackman,Uncharted 4: A Theif's End,2016,no,,00:00:00,00:00:30,https://open.spotify.com/playlist/5EJ8pv497PPimGQJR0l2aO?si=281240e3bebf45ff
VG_HIGH_16,Video game,High,Geralt Of Rivia,Marcin Przybyłowicz,The Witcher 3: Wild Hunt,2015,no,,00:00:00,00:00:30,
VG_HIGH_17,Video game,High,Kara Main Theme - Kara,Philip Sheppard,Detriot: Become Human,2018,no,,00:00:00,00:00:30,
VG_HIGH_18,Video game,High,Mountain Banjo,Rhiannon Giddens,Red Dead Remption II,2018,no,,00:00:00,00:00:30,
VG_HIGH_19,Video game,High,Secunda,Jeremy Soule,The Elder Scrolls V: Skyrim,2011,no,,00:00:00,00:00:30,
VG_HIGH_20,Video game,High,The Last of Us,Gustavo Santaolalla,The Last of Us,2013,no,,00:00:00,00:00:30,
VG_HIGH_21,Video game,High,Welcome To Los Santos,Oh No,Grand Theft Auto V,2013,no,,00:00:00,00:00:30,
VG_LOW_01,Video game,Low,Hivebusters,Dale North,Gears 5: Hivebusters,2022,no,,00:00:00,00:00:30,https://open.spotify.com/playlist/2tMUmJicqGXEdV3LH7hJlG?si=24663d2e80b14e69
VG_LOW_02,Video game,Low,Hush Hush Theme,fingerspit,Hush Hush ,2023,no,,00:00:00,00:00:30,
VG_LOW_03,Video game,Low,II -The Arbiter,Milk & Bone,The Cosmic Wheel Sisterhood,2023,no,,00:00:00,00:00:30,
VG_LOW_04,Video game,Low,Suicide Mission,Jack Wall,Mass Effect 2,2010,no,,00:00:00,00:00:30,
VG_LOW_05,Video game,Low,They Were Coming Forward from Egypt,Lukas Deuschel,Total War: Pharaoh,2023,no,,00:00:00,00:00:30,
VG_LOW_06,Video game,Low,petri,Ed Watkins,Invincible: Atom Eve,2023,no,,00:00:00,00:00:30,
VG_LOW_07,Video game,Low,地霊達の起床,上海アリス幻樂団,東方地霊殿 〜 Subterranean Animism. サウンドトラック,2008,no,,00:00:00,00:00:30,
VG_MED_08,Video game,Medium,Crysis 2 Intro,Hans Zimmer,Crysis 2,2011,no,,00:00:00,00:00:30,https://open.spotify.com/playlist/0PUxVRXWxM7D3dqyhobfeA?si=d967b648ba974432
VG_MED_09,Video game,Medium,Heat on Beat 2012/the Mercenaries,Michael Salvatori,Resident Evil 6,2014,no,,00:00:00,00:00:30,
VG_MED_10,Video game,Medium,Moxxi Wants Your Blood,Moisés Nieto,Borderlands,2006,no,,00:00:00,00:00:30,
VG_MED_11,Video game,Medium,Terran One,Ian Livingston,StarCraft,2022,no,,00:00:00,00:00:30,
VG_MED_12,Video game,Medium,The Quarry Main Theme,Harry Gregson-Williams,The Quarry,2003,no,,00:00:00,00:00:30,
VG_MED_13,Video game,Medium,The Traveler,Mick Gordon,Destiny,2017,no,,00:00:00,00:00:30,
VG_MED_14,Video game,Medium,Title,3000m,Super Mario World,1990,no,,00:00:00,00:00:30,
,,,,,,,"# clips ""yes"":",90,,,